file,energy_before_eV,energy_after_eV,delta_energy_eV,energy_per_atom_eV,natoms,formula,relaxed_file
struct_0001.cif,-76.97443,-76.97471,-0.0002822876,-7.6974707,10,Ca2O6SiTi,struct_0001_relaxed.cif
struct_0002.cif,-155.16823,-155.22113,-0.05290222,-7.7610564,20,Ca4O12Si2Ti2,struct_0002_relaxed.cif
struct_0003.cif,-40.979244,-40.98183,-0.0025863647,-6.830305,6,CaOSi2Ti2,struct_0003_relaxed.cif
struct_0004.cif,-89.76394,-90.015366,-0.2514267,-7.5012803,12,Ca2O7Si2Ti,struct_0004_relaxed.cif
struct_0005.cif,-89.92041,-89.97842,-0.058006287,-7.4982014,12,CaO8Si2Ti,struct_0005_relaxed.cif
struct_0006.cif,-73.74226,-74.05112,-0.30885315,-6.73192,11,Ca2O2Si3Ti4,struct_0006_relaxed.cif
struct_0007.cif,-151.65479,-152.22037,-0.5655823,-7.611018,20,Ca2O12Si4Ti2,struct_0007_relaxed.cif
struct_0008.cif,-85.161255,-85.27734,-0.11608887,-7.1064453,12,Ca2O6Si3Ti,struct_0008_relaxed.cif
struct_0009.cif,-25.80853,-25.834793,-0.026262283,-6.4586983,4,CaOSiTi,struct_0009_relaxed.cif
struct_0010.cif,-25.437866,-25.470547,-0.03268051,-6.3676367,4,CaOSiTi,struct_0010_relaxed.cif
struct_0011.cif,-88.52846,-88.93609,-0.40763092,-7.4113407,12,CaO8Si2Ti,struct_0011_relaxed.cif
struct_0012.cif,-25.442877,-25.464806,-0.021928787,-6.3662014,4,CaOSiTi,struct_0012_relaxed.cif
struct_0013.cif,-89.662025,-89.84822,-0.18619537,-7.487352,12,Ca2O7Si2Ti,struct_0013_relaxed.cif
struct_0014.cif,-40.977386,-40.98121,-0.0038223267,-6.8302016,6,CaOSi2Ti2,struct_0014_relaxed.cif
struct_0015.cif,-28.368382,-28.368382,0.0,-5.6736765,5,Ca2OSiTi,struct_0015_relaxed.cif
struct_0016.cif,-75.90794,-75.9125,-0.0045547485,-8.434722,9,O6SiTi2,struct_0016_relaxed.cif
struct_0017.cif,-66.81897,-66.82464,-0.00566864,-7.4249597,9,CaO6SiTi,struct_0017_relaxed.cif
struct_0018.cif,-88.52612,-88.93183,-0.4057083,-7.410986,12,CaO8Si2Ti,struct_0018_relaxed.cif
struct_0019.cif,-25.689817,-25.690025,-0.000207901,-6.4225063,4,CaOSiTi,struct_0019_relaxed.cif
struct_0020.cif,-25.828823,-25.841928,-0.013105392,-6.460482,4,CaOSiTi,struct_0020_relaxed.cif
struct_0021.cif,-25.450089,-25.47382,-0.023731232,-6.368455,4,CaOSiTi,struct_0021_relaxed.cif
struct_0022.cif,-76.97423,-76.974365,-0.0001373291,-7.6974363,10,Ca2O6SiTi,struct_0022_relaxed.cif
struct_0023.cif,-158.61351,-158.66269,-0.049179077,-7.9331346,20,Ca3O12Si2Ti3,struct_0023_relaxed.cif
struct_0024.cif,-67.0461,-67.1062,-0.06010437,-7.4562445,9,CaO5Si2Ti,struct_0024_relaxed.cif
struct_0025.cif,-52.648026,-52.825726,-0.17770004,-7.546532,7,CaO4SiTi,struct_0025_relaxed.cif
struct_0026.cif,-76.97517,-76.975266,-9.918213e-05,-7.6975265,10,Ca2O6SiTi,struct_0026_relaxed.cif
struct_0027.cif,-48.233463,-48.5134,-0.27993774,-6.064175,8,Ca2O2Si2Ti2,struct_0027_relaxed.cif
struct_0028.cif,-77.07552,-77.07882,-0.0032958984,-7.707882,10,Ca2O6SiTi,struct_0028_relaxed.cif
struct_0029.cif,-118.966484,-119.41194,-0.44545746,-7.4632463,16,Ca2O9Si3Ti2,struct_0029_relaxed.cif
struct_0030.cif,-77.08359,-77.085,-0.001411438,-7.7085,10,Ca2O6SiTi,struct_0030_relaxed.cif
struct_0031.cif,-50.756348,-51.159016,-0.402668,-6.394877,8,Ca2O2Si2Ti2,struct_0031_relaxed.cif
struct_0032.cif,-131.16852,-131.2879,-0.119384766,-8.205494,16,CaO10Si2Ti3,struct_0032_relaxed.cif
struct_0033.cif,-92.168274,-92.37428,-0.20600891,-7.697857,12,Ca2O7SiTi2,struct_0033_relaxed.cif
struct_0034.cif,-76.96617,-76.966484,-0.00031280518,-7.6966486,10,Ca2O6SiTi,struct_0034_relaxed.cif
struct_0035.cif,-89.91692,-89.97253,-0.055603027,-7.4977107,12,CaO8Si2Ti,struct_0035_relaxed.cif
struct_0036.cif,-102.434204,-102.61437,-0.18016815,-7.329598,14,Ca3O8Si2Ti,struct_0036_relaxed.cif
struct_0037.cif,-130.69867,-131.1873,-0.4886322,-7.7169,17,Ca2O10Si3Ti2,struct_0037_relaxed.cif
struct_0038.cif,-79.34519,-83.43763,-4.0924377,-6.953136,12,Ca2O3Si3Ti4,struct_0038_relaxed.cif
struct_0039.cif,-40.15862,-40.171608,-0.012989044,-8.034322,5,O2SiTi2,struct_0039_relaxed.cif
struct_0040.cif,-76.6632,-76.7265,-0.06330109,-7.6726503,10,CaO6Si2Ti,struct_0040_relaxed.cif
struct_0041.cif,-25.446888,-25.466026,-0.019138336,-6.3665066,4,CaOSiTi,struct_0041_relaxed.cif
struct_0042.cif,-128.81381,-128.8187,-0.0048828125,-8.051168,16,Ca2O10Si2Ti2,struct_0042_relaxed.cif
struct_0043.cif,-89.93078,-90.506035,-0.57525635,-7.5421696,12,CaO7Si3Ti,struct_0043_relaxed.cif
struct_0044.cif,-87.77641,-87.78487,-0.008453369,-7.9804425,11,CaO7Si2Ti,struct_0044_relaxed.cif
struct_0045.cif,-62.92634,-62.967087,-0.040748596,-7.870886,8,CaO5SiTi,struct_0045_relaxed.cif
struct_0046.cif,-40.98121,-40.985146,-0.0039367676,-6.8308578,6,CaOSi2Ti2,struct_0046_relaxed.cif
struct_0047.cif,-137.34128,-137.40215,-0.06086731,-7.6334524,18,Ca3O11Si3Ti,struct_0047_relaxed.cif
struct_0048.cif,-110.540855,-112.56933,-2.028473,-7.504622,15,Ca2O10SiTi2,struct_0048_relaxed.cif
struct_0049.cif,-77.06123,-77.069885,-0.008651733,-7.7069883,10,Ca2O6SiTi,struct_0049_relaxed.cif
struct_0050.cif,-77.07972,-77.080284,-0.0005645752,-7.7080283,10,Ca2O6SiTi,struct_0050_relaxed.cif
struct_0051.cif,-40.975315,-40.979004,-0.0036888123,-6.829834,6,CaOSi2Ti2,struct_0051_relaxed.cif
struct_0052.cif,-106.800865,-106.83266,-0.031791687,-7.630904,14,Ca2O8Si2Ti2,struct_0052_relaxed.cif
struct_0053.cif,-65.258354,-65.597855,-0.33950043,-7.2886505,9,Ca2O5SiTi,struct_0053_relaxed.cif
struct_0054.cif,-36.222805,-36.22287,-6.484985e-05,-7.244574,5,CaO3Si,struct_0054_relaxed.cif
struct_0055.cif,-25.321644,-25.34589,-0.024246216,-6.3364725,4,CaOSiTi,struct_0055_relaxed.cif
struct_0056.cif,-89.89922,-89.96385,-0.0646286,-7.496988,12,CaO8Si2Ti,struct_0056_relaxed.cif
struct_0057.cif,-25.530064,-25.97455,-0.44448662,-6.4936376,4,CaO2Si,struct_0057_relaxed.cif
struct_0058.cif,-92.246635,-92.92562,-0.6789856,-7.7438016,12,CaO7Si2Ti2,struct_0058_relaxed.cif
struct_0059.cif,-92.38396,-92.496666,-0.112709045,-7.7080555,12,CaO8SiTi2,struct_0059_relaxed.cif
struct_0060.cif,-139.84196,-139.93318,-0.09121704,-7.7740655,18,Ca3O11Si2Ti2,struct_0060_relaxed.cif
struct_0061.cif,-113.51128,-113.57749,-0.066215515,-8.112678,14,CaO9Si2Ti2,struct_0061_relaxed.cif
struct_0062.cif,-119.93838,-120.18598,-0.24760437,-7.511624,16,Ca3O10SiTi2,struct_0062_relaxed.cif
struct_0063.cif,-25.23885,-25.55465,-0.3157997,-6.3886623,4,CaO2Si,struct_0063_relaxed.cif
struct_0064.cif,-88.51634,-88.94629,-0.4299469,-7.412191,12,CaO8Si2Ti,struct_0064_relaxed.cif
struct_0065.cif,-126.943375,-127.01556,-0.0721817,-7.9384723,16,Ca2O10Si2Ti2,struct_0065_relaxed.cif
struct_0066.cif,-25.431313,-25.448715,-0.017402649,-6.362179,4,CaOSiTi,struct_0066_relaxed.cif
struct_0067.cif,-89.88673,-89.954315,-0.067588806,-7.496193,12,CaO8Si2Ti,struct_0067_relaxed.cif
struct_0068.cif,-28.36627,-28.36627,0.0,-5.673254,5,Ca2OSiTi,struct_0068_relaxed.cif
struct_0069.cif,-79.89158,-79.94524,-0.05365753,-7.9945235,10,CaO6SiTi2,struct_0069_relaxed.cif
struct_0070.cif,-61.4507,-61.47577,-0.02507019,-7.684471,8,O2Si2Ti4,struct_0070_relaxed.cif
struct_0071.cif,-128.2473,-128.86678,-0.6194763,-7.1592655,18,Ca5O10Si2Ti,struct_0071_relaxed.cif
struct_0072.cif,-25.53426,-25.967003,-0.43274307,-6.4917507,4,CaO2Si,struct_0072_relaxed.cif
struct_0073.cif,-76.13862,-76.15421,-0.015594482,-7.6154213,10,Ca2O6SiTi,struct_0073_relaxed.cif
struct_0074.cif,-56.59867,-56.878784,-0.28011322,-7.109848,8,CaO2Si2Ti3,struct_0074_relaxed.cif
struct_0075.cif,-127.01547,-127.037994,-0.022521973,-7.9398746,16,Ca2O10Si2Ti2,struct_0075_relaxed.cif
struct_0076.cif,-104.05594,-104.10973,-0.05379486,-7.4364095,14,Ca3O8Si2Ti,struct_0076_relaxed.cif
struct_0077.cif,-88.53164,-88.93921,-0.4075699,-7.4116006,12,CaO8Si2Ti,struct_0077_relaxed.cif
struct_0078.cif,-25.44239,-25.471216,-0.02882576,-6.367804,4,CaOSiTi,struct_0078_relaxed.cif
struct_0079.cif,-115.31411,-115.364975,-0.050865173,-7.6909986,15,Ca2O9Si2Ti2,struct_0079_relaxed.cif
struct_0080.cif,-88.86403,-88.98121,-0.11717987,-7.4151006,12,CaO8Si2Ti,struct_0080_relaxed.cif
struct_0081.cif,-128.82278,-128.82697,-0.004180908,-8.051685,16,Ca2O10Si2Ti2,struct_0081_relaxed.cif
struct_0082.cif,-96.34751,-96.45491,-0.10739899,-6.4303274,15,Ca4O3Si3Ti5,struct_0082_relaxed.cif
struct_0083.cif,-135.22423,-136.55371,-1.329483,-7.586317,18,Ca2O11Si4Ti,struct_0083_relaxed.cif
struct_0084.cif,-128.82465,-128.83047,-0.0058288574,-8.051905,16,Ca2O10Si2Ti2,struct_0084_relaxed.cif
struct_0085.cif,-58.293186,-58.38779,-0.09460449,-7.298474,8,CaO4Si2Ti,struct_0085_relaxed.cif
struct_0086.cif,-25.445168,-25.468254,-0.023086548,-6.3670635,4,CaOSiTi,struct_0086_relaxed.cif
struct_0087.cif,-90.36937,-90.398315,-0.028945923,-7.533193,12,CaO8Si2Ti,struct_0087_relaxed.cif
struct_0088.cif,-128.82361,-128.82887,-0.005264282,-8.051805,16,Ca2O10Si2Ti2,struct_0088_relaxed.cif
struct_0089.cif,-150.65552,-150.7267,-0.07118225,-7.536335,20,Ca4O12Si3Ti,struct_0089_relaxed.cif
struct_0090.cif,-77.079666,-77.080246,-0.000579834,-7.7080245,10,Ca2O6SiTi,struct_0090_relaxed.cif
struct_0091.cif,-40.96896,-40.971832,-0.002872467,-6.8286386,6,CaOSi2Ti2,struct_0091_relaxed.cif
struct_0092.cif,-24.11573,-25.083712,-0.96798134,-6.270928,4,CaO2Si,struct_0092_relaxed.cif
struct_0093.cif,-87.779564,-87.79002,-0.0104599,-7.9809113,11,CaO7Si2Ti,struct_0093_relaxed.cif
struct_0094.cif,-139.50954,-139.7192,-0.20965576,-7.7621775,18,CaO12Si3Ti2,struct_0094_relaxed.cif
struct_0095.cif,-59.82045,-59.961346,-0.14089584,-6.6623716,9,Ca2O2Si2Ti3,struct_0095_relaxed.cif
struct_0096.cif,-54.263798,-54.565125,-0.30132675,-6.8206406,8,Ca2O4SiTi,struct_0096_relaxed.cif
struct_0097.cif,-66.806335,-66.81185,-0.0055160522,-7.423539,9,CaO6SiTi,struct_0097_relaxed.cif
struct_0098.cif,-24.551052,-24.971184,-0.42013168,-4.994237,5,Ca2OSi2,struct_0098_relaxed.cif
struct_0099.cif,-133.61992,-133.64949,-0.029571533,-7.4249716,18,Ca2O12Si2Ti2,struct_0099_relaxed.cif
struct_0100.cif,-55.76466,-55.94095,-0.1762886,-6.9926186,8,CaO2Si2Ti3,struct_0100_relaxed.cif
struct_0101.cif,-128.82324,-128.82689,-0.0036468506,-8.051681,16,Ca2O10Si2Ti2,struct_0101_relaxed.cif
struct_0102.cif,-25.291004,-25.560316,-0.2693119,-6.390079,4,CaO2Si,struct_0102_relaxed.cif
struct_0103.cif,-45.33996,-45.352943,-0.0129852295,-5.669118,8,Ca3OSi2Ti2,struct_0103_relaxed.cif
struct_0104.cif,-26.991835,-27.010328,-0.018493652,-6.752582,4,OSi2Ti,struct_0104_relaxed.cif
struct_0105.cif,-33.403786,-33.40427,-0.00048446655,-5.5673785,6,Ca2Si2Ti2,struct_0105_relaxed.cif
struct_0106.cif,-75.85959,-76.05156,-0.19197083,-7.605156,10,CaO6Si2Ti,struct_0106_relaxed.cif
struct_0107.cif,-89.36864,-89.41876,-0.050125122,-7.4515634,12,Ca2O7Si2Ti,struct_0107_relaxed.cif
struct_0108.cif,-25.430466,-25.461067,-0.030601501,-6.365267,4,CaOSiTi,struct_0108_relaxed.cif
struct_0109.cif,-95.978035,-96.46989,-0.4918518,-8.039157,12,CaO7SiTi3,struct_0109_relaxed.cif
struct_0110.cif,-92.84198,-92.91571,-0.07373047,-7.7429757,12,CaO8SiTi2,struct_0110_relaxed.cif
struct_0111.cif,-60.306686,-60.37194,-0.06525421,-7.5464926,8,Ca2O4Ti2,struct_0111_relaxed.cif
struct_0112.cif,-150.14383,-150.25136,-0.10752869,-7.512568,20,Ca4O12Si3Ti,struct_0112_relaxed.cif
struct_0113.cif,-150.06552,-150.6209,-0.55537415,-7.531045,20,Ca3O12Si4Ti,struct_0113_relaxed.cif
struct_0114.cif,-25.544237,-25.563038,-0.018800735,-6.3907595,4,CaO2Si,struct_0114_relaxed.cif
struct_0115.cif,-91.39664,-91.802315,-0.4056778,-7.6501927,12,CaO7Si2Ti2,struct_0115_relaxed.cif
struct_0116.cif,-88.73187,-88.89737,-0.16549683,-7.408114,12,CaO8Si2Ti,struct_0116_relaxed.cif
struct_0117.cif,-47.82526,-48.062763,-0.23750305,-6.866109,7,CaO2Si2Ti2,struct_0117_relaxed.cif
struct_0118.cif,-65.56289,-65.63613,-0.07324219,-7.2929034,9,Ca2O5SiTi,struct_0118_relaxed.cif
struct_0119.cif,-143.77792,-150.54192,-6.7639923,-7.527096,20,Ca2O13Si4Ti,struct_0119_relaxed.cif
struct_0120.cif,-45.762203,-46.57421,-0.8120079,-5.8217764,8,Ca2OSi3Ti2,struct_0120_relaxed.cif
struct_0121.cif,-88.69616,-88.849724,-0.15356445,-7.404144,12,Ca2O7Si2Ti,struct_0121_relaxed.cif
struct_0122.cif,-50.711655,-51.152626,-0.44097137,-6.3940783,8,Ca2O2Si2Ti2,struct_0122_relaxed.cif
struct_0123.cif,-23.10418,-23.141193,-0.037014008,-5.7852983,4,CaOSi2,struct_0123_relaxed.cif
struct_0124.cif,-113.222946,-113.34491,-0.1219635,-8.096065,14,CaO9Si2Ti2,struct_0124_relaxed.cif
struct_0125.cif,-76.5951,-77.002754,-0.4076538,-7.7002754,10,CaO6Si2Ti,struct_0125_relaxed.cif
struct_0126.cif,-17.350716,-17.351307,-0.0005912781,-8.675653,2,OTi,struct_0126_relaxed.cif
struct_0127.cif,-75.756546,-76.167274,-0.41072845,-7.6167274,10,Ca2O6SiTi,struct_0127_relaxed.cif
struct_0128.cif,-98.33911,-99.135445,-0.7963333,-7.0811033,14,Ca2O7Si3Ti2,struct_0128_relaxed.cif
struct_0129.cif,-25.5437,-25.549084,-0.005384445,-6.387271,4,CaO2Si,struct_0129_relaxed.cif
struct_0130.cif,-35.91309,-35.94722,-0.034130096,-5.9912033,6,Ca2OSiTi2,struct_0130_relaxed.cif
struct_0131.cif,-96.023834,-96.631386,-0.6075516,-8.052615,12,CaO7SiTi3,struct_0131_relaxed.cif
struct_0132.cif,-75.10204,-75.31384,-0.21179962,-7.5313845,10,CaO6Si2Ti,struct_0132_relaxed.cif
struct_0133.cif,-128.82434,-128.82864,-0.0043029785,-8.05179,16,Ca2O10Si2Ti2,struct_0133_relaxed.cif
struct_0134.cif,-77.22217,-77.41348,-0.1913147,-7.7413483,10,CaO6Si2Ti,struct_0134_relaxed.cif
struct_0135.cif,-23.375555,-23.391232,-0.015676498,-5.847808,4,CaOSi2,struct_0135_relaxed.cif
struct_0136.cif,-37.10814,-37.114708,-0.0065689087,-6.185785,6,Ca2O2SiTi,struct_0136_relaxed.cif
struct_0137.cif,-25.75085,-25.764338,-0.013486862,-6.4410844,4,CaOSiTi,struct_0137_relaxed.cif
struct_0138.cif,-52.231766,-52.3087,-0.076934814,-6.5385876,8,Ca2O2Si2Ti2,struct_0138_relaxed.cif
struct_0139.cif,-26.25098,-26.263084,-0.012104034,-6.565771,4,CaOSiTi,struct_0139_relaxed.cif
struct_0140.cif,-56.577118,-56.615875,-0.038757324,-5.6615877,10,Ca4O2Si2Ti2,struct_0140_relaxed.cif
struct_0141.cif,-25.539494,-25.942514,-0.40302086,-6.4856286,4,CaO2Si,struct_0141_relaxed.cif
struct_0142.cif,-25.447767,-25.469837,-0.022069931,-6.3674593,4,CaOSiTi,struct_0142_relaxed.cif
struct_0143.cif,-89.85516,-90.073494,-0.21833038,-7.5061245,12,CaO8Si2Ti,struct_0143_relaxed.cif
struct_0144.cif,-76.13033,-76.458664,-0.328331,-7.6458664,10,CaO6Si2Ti,struct_0144_relaxed.cif
struct_0145.cif,-149.2214,-149.74214,-0.5207367,-7.4871073,20,Ca3O12Si4Ti,struct_0145_relaxed.cif
struct_0146.cif,-40.97862,-40.98171,-0.0030899048,-6.8302846,6,CaOSi2Ti2,struct_0146_relaxed.cif
struct_0147.cif,-120.462425,-120.556465,-0.09403992,-7.534779,16,Ca2O10Si4,struct_0147_relaxed.cif
struct_0148.cif,-25.552158,-25.561626,-0.009468079,-6.3904066,4,CaO2Si,struct_0148_relaxed.cif
struct_0149.cif,-40.96821,-40.972664,-0.0044555664,-6.8287773,6,CaOSi2Ti2,struct_0149_relaxed.cif
struct_0150.cif,-134.99942,-136.97574,-1.9763184,-7.609763,18,Ca2O11Si4Ti,struct_0150_relaxed.cif
struct_0151.cif,-138.71065,-139.92192,-1.2112732,-6.996096,20,Ca2O8Si6Ti4,struct_0151_relaxed.cif
struct_0152.cif,-139.26929,-139.59343,-0.32414246,-7.7551904,18,Ca3O11Si2Ti2,struct_0152_relaxed.cif
struct_0153.cif,-23.27209,-23.296669,-0.024578094,-5.8241673,4,CaOSi2,struct_0153_relaxed.cif
struct_0154.cif,-95.514046,-95.94147,-0.42742157,-6.852962,14,Ca4O7Si2Ti,struct_0154_relaxed.cif
struct_0155.cif,-54.86181,-55.095867,-0.23405838,-6.8869834,8,Ca2O3SiTi2,struct_0155_relaxed.cif
struct_0156.cif,-15.075596,-15.075831,-0.00023555756,-5.025277,3,CaSiTi,struct_0156_relaxed.cif
struct_0157.cif,-30.28511,-30.31972,-0.03460884,-6.063944,5,CaO2Si2,struct_0157_relaxed.cif
struct_0158.cif,-48.335625,-48.678505,-0.34288025,-6.084813,8,Ca2O2Si2Ti2,struct_0158_relaxed.cif
struct_0159.cif,-111.13898,-111.3798,-0.24082184,-7.42532,15,Ca2O8Si3Ti2,struct_0159_relaxed.cif
struct_0160.cif,-76.74275,-76.784065,-0.04131317,-7.6784067,10,Ca2O6SiTi,struct_0160_relaxed.cif
struct_0161.cif,-103.183495,-103.44444,-0.26094818,-7.388889,14,Ca2O9Si2Ti,struct_0161_relaxed.cif
struct_0162.cif,-87.24098,-87.2918,-0.050819397,-7.9356184,11,CaO7Si2Ti,struct_0162_relaxed.cif
struct_0163.cif,-43.482838,-43.497887,-0.015048981,-6.213984,7,Ca2OSi2Ti2,struct_0163_relaxed.cif
struct_0164.cif,-15.327063,-15.332843,-0.00578022,-5.1109476,3,CaSiTi,struct_0164_relaxed.cif
struct_0165.cif,-72.4592,-72.461716,-0.0025177002,-7.2461715,10,Ca2O6Si2,struct_0165_relaxed.cif
struct_0166.cif,-25.385643,-25.399132,-0.0134887695,-6.349783,4,CaOSiTi,struct_0166_relaxed.cif
struct_0167.cif,-79.899734,-79.945145,-0.045410156,-7.9945145,10,CaO6SiTi2,struct_0167_relaxed.cif
struct_0168.cif,-88.52087,-88.90949,-0.3886261,-7.4091244,12,CaO8Si2Ti,struct_0168_relaxed.cif
struct_0169.cif,-127.00581,-127.06153,-0.05571747,-7.9413457,16,Ca2O10Si2Ti2,struct_0169_relaxed.cif
struct_0170.cif,-103.08786,-103.167725,-0.0798645,-7.369123,14,Ca2O9Si2Ti,struct_0170_relaxed.cif
struct_0171.cif,-52.66272,-52.815273,-0.15255356,-7.545039,7,CaO4SiTi,struct_0171_relaxed.cif
struct_0172.cif,-62.969765,-63.091846,-0.12208176,-7.886481,8,O5Si2Ti,struct_0172_relaxed.cif
struct_0173.cif,-142.88348,-143.08307,-0.19958496,-7.9490595,18,Ca2O11Si2Ti3,struct_0173_relaxed.cif
struct_0174.cif,-47.83921,-48.03166,-0.19244766,-6.8616652,7,CaO2Si2Ti2,struct_0174_relaxed.cif
struct_0175.cif,-43.468307,-43.490486,-0.02217865,-6.2129264,7,Ca2OSi2Ti2,struct_0175_relaxed.cif
struct_0176.cif,-23.11176,-23.145493,-0.033733368,-5.786373,4,CaOSi2,struct_0176_relaxed.cif
struct_0177.cif,-21.74325,-21.797613,-0.05436325,-5.4494033,4,CaOSi2,struct_0177_relaxed.cif
struct_0178.cif,-51.840317,-51.858997,-0.018680573,-6.4823747,8,Ca2O2Si2Ti2,struct_0178_relaxed.cif
struct_0179.cif,-77.07077,-77.07877,-0.008003235,-7.707877,10,Ca2O6SiTi,struct_0179_relaxed.cif
struct_0180.cif,-56.670307,-56.704605,-0.034297943,-7.0880756,8,Ca2O3SiTi2,struct_0180_relaxed.cif
struct_0181.cif,-77.08172,-77.08317,-0.001449585,-7.708317,10,Ca2O6SiTi,struct_0181_relaxed.cif
struct_0182.cif,-88.52441,-88.56284,-0.03843689,-7.380237,12,CaO8Si2Ti,struct_0182_relaxed.cif
struct_0183.cif,-128.81808,-128.8223,-0.004211426,-8.0513935,16,Ca2O10Si2Ti2,struct_0183_relaxed.cif
struct_0184.cif,-88.52645,-88.943985,-0.41753387,-7.4119987,12,CaO8Si2Ti,struct_0184_relaxed.cif
struct_0185.cif,-23.123257,-23.146757,-0.023500443,-5.7866893,4,CaOSi2,struct_0185_relaxed.cif
struct_0186.cif,-35.547905,-35.580173,-0.032268524,-5.930029,6,Ca2O2Si2,struct_0186_relaxed.cif
struct_0187.cif,-76.657364,-76.65955,-0.0021896362,-7.6659555,10,Ca2O6SiTi,struct_0187_relaxed.cif
struct_0188.cif,-16.88239,-16.88751,-0.005121231,-5.62917,3,CaOSi,struct_0188_relaxed.cif
struct_0189.cif,-62.37944,-62.487007,-0.10756683,-6.943001,9,CaO3Si3Ti2,struct_0189_relaxed.cif
struct_0190.cif,-16.886732,-16.886896,-0.00016403198,-5.6289654,3,CaOSi,struct_0190_relaxed.cif
struct_0191.cif,-43.48247,-43.494698,-0.012226105,-6.213528,7,Ca2OSi2Ti2,struct_0191_relaxed.cif
struct_0192.cif,-114.36132,-115.04637,-0.68505096,-7.6697583,15,CaO9Si3Ti2,struct_0192_relaxed.cif
struct_0193.cif,-88.52954,-88.53747,-0.007926941,-7.3781223,12,CaO8Si2Ti,struct_0193_relaxed.cif
struct_0194.cif,-25.38115,-25.399378,-0.01822853,-6.3498445,4,CaOSiTi,struct_0194_relaxed.cif
struct_0195.cif,-44.56767,-45.08943,-0.52176285,-6.4413476,7,Ca2O2SiTi2,struct_0195_relaxed.cif
struct_0196.cif,-67.746376,-67.91454,-0.16816711,-6.7914543,10,CaO3Si4Ti2,struct_0196_relaxed.cif
struct_0197.cif,-43.445385,-43.48884,-0.043453217,-7.24814,6,CaO2SiTi2,struct_0197_relaxed.cif
struct_0198.cif,-75.4225,-75.52876,-0.10626221,-7.5528765,10,CaO6Si2Ti,struct_0198_relaxed.cif
struct_0199.cif,-99.70843,-103.887955,-4.1795273,-7.420568,14,Ca2O9Si2Ti,struct_0199_relaxed.cif
struct_0200.cif,-66.807915,-66.813255,-0.005340576,-7.423695,9,CaO6SiTi,struct_0200_relaxed.cif
struct_0201.cif,-88.525925,-88.93791,-0.4119873,-7.411493,12,CaO8Si2Ti,struct_0201_relaxed.cif
struct_0202.cif,-124.90284,-124.92998,-0.027137756,-7.8081236,16,Ca2O10Si3Ti,struct_0202_relaxed.cif
struct_0203.cif,-89.90729,-89.97069,-0.06340027,-7.497557,12,CaO8Si2Ti,struct_0203_relaxed.cif
struct_0204.cif,-25.691164,-25.691189,-2.4795532e-05,-6.422797,4,CaOSiTi,struct_0204_relaxed.cif
struct_0205.cif,-90.38246,-90.39511,-0.012649536,-7.532926,12,CaO8Si2Ti,struct_0205_relaxed.cif
struct_0206.cif,-87.785904,-87.79154,-0.0056381226,-7.981049,11,CaO7Si2Ti,struct_0206_relaxed.cif
struct_0207.cif,-91.16553,-93.4295,-2.2639694,-7.7857914,12,CaO7Si2Ti2,struct_0207_relaxed.cif
struct_0208.cif,-25.827538,-25.844027,-0.016489029,-6.4610066,4,CaOSiTi,struct_0208_relaxed.cif
struct_0209.cif,-77.06673,-77.076744,-0.010017395,-7.7076745,10,Ca2O6SiTi,struct_0209_relaxed.cif
struct_0210.cif,-53.43425,-54.003887,-0.5696373,-6.750486,8,Ca2O4SiTi,struct_0210_relaxed.cif
struct_0211.cif,-48.307873,-48.500645,-0.19277191,-6.0625806,8,Ca2O2Si2Ti2,struct_0211_relaxed.cif
struct_0212.cif,-76.26452,-76.318504,-0.053985596,-7.6318502,10,CaO6Si2Ti,struct_0212_relaxed.cif
struct_0213.cif,-25.737097,-25.753103,-0.01600647,-6.438276,4,CaOSiTi,struct_0213_relaxed.cif
struct_0214.cif,-88.52955,-88.93444,-0.40489197,-7.4112034,12,CaO8Si2Ti,struct_0214_relaxed.cif
struct_0215.cif,-82.48004,-82.49384,-0.013801575,-6.874487,12,Ca2O8SiTi,struct_0215_relaxed.cif
struct_0216.cif,-131.52402,-131.54276,-0.018737793,-8.221422,16,Ca2O10SiTi3,struct_0216_relaxed.cif
struct_0217.cif,-77.083435,-77.083954,-0.0005187988,-7.7083955,10,Ca2O6SiTi,struct_0217_relaxed.cif
struct_0218.cif,-38.83181,-38.839504,-0.0076942444,-6.473251,6,Ca2O2SiTi,struct_0218_relaxed.cif
struct_0219.cif,-128.8238,-128.82983,-0.0060272217,-8.051865,16,Ca2O10Si2Ti2,struct_0219_relaxed.cif
struct_0220.cif,-48.898643,-48.907063,-0.008419037,-6.113383,8,Ca2OSi3Ti2,struct_0220_relaxed.cif
struct_0221.cif,-88.52234,-88.92273,-0.40039062,-7.4102273,12,CaO8Si2Ti,struct_0221_relaxed.cif
struct_0222.cif,-88.530205,-88.94655,-0.4163437,-7.4122124,12,CaO8Si2Ti,struct_0222_relaxed.cif
struct_0223.cif,-100.277565,-100.31939,-0.04182434,-7.716876,13,Ca2O8Si2Ti,struct_0223_relaxed.cif
struct_0224.cif,-55.75492,-55.86854,-0.11362076,-6.9835677,8,Ca2O4SiTi,struct_0224_relaxed.cif
struct_0225.cif,-50.75634,-51.172497,-0.41615677,-6.396562,8,Ca2O2Si2Ti2,struct_0225_relaxed.cif
struct_0226.cif,-25.53514,-25.970943,-0.43580437,-6.492736,4,CaO2Si,struct_0226_relaxed.cif
struct_0227.cif,-66.815414,-66.82229,-0.0068740845,-7.424699,9,CaO6SiTi,struct_0227_relaxed.cif
struct_0228.cif,-77.08236,-77.08402,-0.001663208,-7.708402,10,Ca2O6SiTi,struct_0228_relaxed.cif
struct_0229.cif,-48.26424,-48.491287,-0.22704697,-6.061411,8,Ca2O2Si2Ti2,struct_0229_relaxed.cif
struct_0230.cif,-75.57072,-77.102715,-1.5319977,-7.009338,11,Ca2O6Si2Ti,struct_0230_relaxed.cif
struct_0231.cif,-33.58306,-33.58314,-8.010864e-05,-6.716628,5,CaOSiTi2,struct_0231_relaxed.cif
struct_0232.cif,-66.80505,-66.810135,-0.0050811768,-7.4233484,9,CaO6SiTi,struct_0232_relaxed.cif
struct_0233.cif,-87.786125,-87.79164,-0.0055160522,-7.981058,11,CaO7Si2Ti,struct_0233_relaxed.cif
struct_0234.cif,-89.90175,-89.95951,-0.057762146,-7.496626,12,CaO8Si2Ti,struct_0234_relaxed.cif
struct_0235.cif,-26.264824,-26.285505,-0.020681381,-6.5713763,4,CaOSiTi,struct_0235_relaxed.cif
struct_0236.cif,-77.08419,-77.08564,-0.001449585,-7.708564,10,Ca2O6SiTi,struct_0236_relaxed.cif
struct_0237.cif,-50.989708,-51.073807,-0.084098816,-6.384226,8,CaOSi4Ti2,struct_0237_relaxed.cif
struct_0238.cif,-88.52991,-88.938446,-0.40853882,-7.411537,12,CaO8Si2Ti,struct_0238_relaxed.cif
struct_0239.cif,-153.33447,-153.37486,-0.040390015,-7.668743,20,Ca4O12Si2Ti2,struct_0239_relaxed.cif
struct_0240.cif,-88.52771,-88.56633,-0.038619995,-7.3805275,12,CaO8Si2Ti,struct_0240_relaxed.cif
struct_0241.cif,-76.97174,-76.97207,-0.00032806396,-7.697207,10,Ca2O6SiTi,struct_0241_relaxed.cif
struct_0242.cif,-128.81851,-128.82295,-0.0044403076,-8.0514345,16,Ca2O10Si2Ti2,struct_0242_relaxed.cif
struct_0243.cif,-152.04388,-152.16872,-0.12483215,-7.6084356,20,Ca3O12Si4Ti,struct_0243_relaxed.cif
struct_0244.cif,-128.82394,-128.82945,-0.005508423,-8.051841,16,Ca2O10Si2Ti2,struct_0244_relaxed.cif
struct_0245.cif,-33.597866,-33.59791,-4.5776367e-05,-6.7195826,5,CaOSiTi2,struct_0245_relaxed.cif
struct_0246.cif,-15.043853,-15.067389,-0.023535728,-5.022463,3,CaSiTi,struct_0246_relaxed.cif
struct_0247.cif,-72.460365,-72.46076,-0.00039672852,-7.246076,10,Ca2O6Si2,struct_0247_relaxed.cif
struct_0248.cif,-16.889462,-16.893991,-0.004529953,-5.6313305,3,CaOSi,struct_0248_relaxed.cif
struct_0249.cif,-25.443596,-25.469252,-0.025655746,-6.367313,4,CaOSiTi,struct_0249_relaxed.cif
struct_0250.cif,-66.816765,-66.82071,-0.003944397,-7.4245234,9,CaO6SiTi,struct_0250_relaxed.cif
struct_0251.cif,-39.06726,-39.123993,-0.056732178,-6.5206656,6,CaO2Si2Ti,struct_0251_relaxed.cif
struct_0252.cif,-116.88401,-116.91368,-0.029670715,-8.350977,14,CaO9SiTi3,struct_0252_relaxed.cif
struct_0253.cif,-15.343674,-15.343765,-9.1552734e-05,-5.1145883,3,CaSiTi,struct_0253_relaxed.cif
struct_0254.cif,-39.34923,-39.358818,-0.009586334,-6.559803,6,CaO4Si,struct_0254_relaxed.cif
struct_0255.cif,-23.452703,-23.454405,-0.001701355,-4.690881,5,Ca2Si2Ti,struct_0255_relaxed.cif
struct_0256.cif,-128.82425,-128.8283,-0.004043579,-8.051768,16,Ca2O10Si2Ti2,struct_0256_relaxed.cif
struct_0257.cif,-40.977844,-40.979588,-0.0017433167,-6.8299313,6,CaOSi2Ti2,struct_0257_relaxed.cif
struct_0258.cif,-77.07468,-77.07857,-0.0038909912,-7.7078567,10,Ca2O6SiTi,struct_0258_relaxed.cif
struct_0259.cif,-77.068184,-77.07785,-0.009666443,-7.707785,10,Ca2O6SiTi,struct_0259_relaxed.cif
struct_0260.cif,-23.377151,-23.391727,-0.014575958,-5.847932,4,CaOSi2,struct_0260_relaxed.cif
struct_0261.cif,-23.258253,-23.290432,-0.03217888,-5.822608,4,CaOSi2,struct_0261_relaxed.cif
struct_0262.cif,-128.82393,-128.83005,-0.0061187744,-8.051878,16,Ca2O10Si2Ti2,struct_0262_relaxed.cif
struct_0263.cif,-25.553457,-25.563675,-0.010217667,-6.3909187,4,CaO2Si,struct_0263_relaxed.cif
struct_0264.cif,-43.4719,-43.487522,-0.015621185,-6.212503,7,Ca2OSi2Ti2,struct_0264_relaxed.cif
struct_0265.cif,-152.04729,-152.15646,-0.109176636,-7.6078234,20,Ca3O12Si4Ti,struct_0265_relaxed.cif
struct_0266.cif,-66.809845,-66.81896,-0.009117126,-7.4243293,9,CaO6SiTi,struct_0266_relaxed.cif
struct_0267.cif,-25.431974,-25.461956,-0.029981613,-6.365489,4,CaOSiTi,struct_0267_relaxed.cif
struct_0268.cif,-125.00311,-126.41115,-1.4080353,-7.9006968,16,CaO10Si3Ti2,struct_0268_relaxed.cif
struct_0269.cif,-76.97511,-76.97535,-0.00023651123,-7.697535,10,Ca2O6SiTi,struct_0269_relaxed.cif
struct_0270.cif,-40.96642,-40.97081,-0.0043907166,-6.8284683,6,CaOSi2Ti2,struct_0270_relaxed.cif
struct_0271.cif,-61.533516,-61.54707,-0.013553619,-6.8385634,9,Ca2O2Si2Ti3,struct_0271_relaxed.cif
struct_0272.cif,-72.88012,-72.99741,-0.11729431,-7.2997413,10,CaO3Si2Ti4,struct_0272_relaxed.cif
struct_0273.cif,-40.978107,-40.981705,-0.0035972595,-6.830284,6,CaOSi2Ti2,struct_0273_relaxed.cif
struct_0274.cif,-50.761864,-51.1709,-0.40903473,-6.3963623,8,Ca2O2Si2Ti2,struct_0274_relaxed.cif
struct_0275.cif,-117.26256,-117.30064,-0.038078308,-7.8200426,15,Ca3O9SiTi2,struct_0275_relaxed.cif
struct_0276.cif,-90.37703,-90.4004,-0.023368835,-7.5333667,12,CaO8Si2Ti,struct_0276_relaxed.cif
struct_0277.cif,-21.277603,-21.277779,-0.00017547607,-4.2555556,5,Ca2Si2Ti,struct_0277_relaxed.cif
struct_0278.cif,-34.63244,-35.062218,-0.42977905,-5.843703,6,CaO2Si3,struct_0278_relaxed.cif
struct_0279.cif,-49.485374,-50.08246,-0.59708405,-6.2603073,8,CaO2Si3Ti2,struct_0279_relaxed.cif
struct_0280.cif,-43.483288,-43.49842,-0.015132904,-6.2140603,7,Ca2OSi2Ti2,struct_0280_relaxed.cif
struct_0281.cif,-112.59608,-112.99196,-0.39588165,-7.5327973,15,CaO10Si3Ti,struct_0281_relaxed.cif
struct_0282.cif,-25.44959,-25.472483,-0.022891998,-6.3681207,4,CaOSiTi,struct_0282_relaxed.cif
struct_0283.cif,-31.09153,-31.108967,-0.017436981,-7.7772417,4,O2SiTi,struct_0283_relaxed.cif
struct_0284.cif,-88.525406,-88.58702,-0.06161499,-7.3822517,12,CaO8Si2Ti,struct_0284_relaxed.cif
struct_0285.cif,-23.537693,-23.699425,-0.16173172,-5.924856,4,CaO2Si,struct_0285_relaxed.cif
struct_0286.cif,-87.780594,-87.78661,-0.0060195923,-7.9806013,11,CaO7Si2Ti,struct_0286_relaxed.cif
struct_0287.cif,-40.97608,-40.979816,-0.0037345886,-6.8299694,6,CaOSi2Ti2,struct_0287_relaxed.cif
struct_0288.cif,-86.43018,-88.46138,-2.0311966,-7.371782,12,Ca2O7Si2Ti,struct_0288_relaxed.cif
struct_0289.cif,-31.103722,-31.129017,-0.025295258,-7.782254,4,O2SiTi,struct_0289_relaxed.cif
struct_0290.cif,-90.89423,-91.00573,-0.11149597,-7.583811,12,Ca2O7SiTi2,struct_0290_relaxed.cif
struct_0291.cif,-38.99556,-39.15038,-0.15481949,-6.525063,6,CaO3Si2,struct_0291_relaxed.cif
struct_0292.cif,-38.712784,-38.748943,-0.036159515,-6.458157,6,Ca2O2SiTi,struct_0292_relaxed.cif
struct_0293.cif,-155.66583,-155.81158,-0.14575195,-7.7905793,20,Ca2O12Si4Ti2,struct_0293_relaxed.cif
struct_0294.cif,-87.78225,-87.79067,-0.008422852,-7.9809704,11,CaO7Si2Ti,struct_0294_relaxed.cif
struct_0295.cif,-23.103249,-23.139954,-0.036705017,-5.7849884,4,CaOSi2,struct_0295_relaxed.cif
struct_0296.cif,-50.699642,-51.149582,-0.44993973,-6.3936977,8,Ca2O2Si2Ti2,struct_0296_relaxed.cif
struct_0297.cif,-66.81741,-66.82144,-0.0040283203,-7.4246044,9,CaO6SiTi,struct_0297_relaxed.cif
struct_0298.cif,-52.544098,-52.77584,-0.23174286,-6.59698,8,Ca2O2Si2Ti2,struct_0298_relaxed.cif
struct_0299.cif,-88.52747,-88.936264,-0.4087906,-7.4113555,12,CaO8Si2Ti,struct_0299_relaxed.cif
struct_0300.cif,-90.36862,-90.38873,-0.020111084,-7.5323944,12,CaO8Si2Ti,struct_0300_relaxed.cif
struct_0301.cif,-77.06931,-77.07665,-0.0073394775,-7.7076654,10,Ca2O6SiTi,struct_0301_relaxed.cif
struct_0302.cif,-87.08773,-87.14132,-0.053588867,-7.921938,11,CaO7Si2Ti,struct_0302_relaxed.cif
struct_0303.cif,-116.52086,-117.82919,-1.3083344,-7.8552794,15,Ca2O9Si2Ti2,struct_0303_relaxed.cif
struct_0304.cif,-79.95263,-80.11266,-0.16003418,-8.011267,10,CaO6SiTi2,struct_0304_relaxed.cif
struct_0305.cif,-43.479713,-43.491882,-0.012168884,-6.213126,7,Ca2OSi2Ti2,struct_0305_relaxed.cif
struct_0306.cif,-39.582664,-39.63507,-0.05240631,-6.605845,6,CaOSi2Ti2,struct_0306_relaxed.cif
struct_0307.cif,-31.043095,-31.065197,-0.022102356,-7.7662992,4,O2SiTi,struct_0307_relaxed.cif
struct_0308.cif,-39.728188,-39.763725,-0.03553772,-6.6272874,6,CaO2Si2Ti,struct_0308_relaxed.cif
struct_0309.cif,-91.21762,-91.35934,-0.141716,-7.613278,12,CaO8SiTi2,struct_0309_relaxed.cif
struct_0310.cif,-128.82623,-128.8309,-0.0046691895,-8.051931,16,Ca2O10Si2Ti2,struct_0310_relaxed.cif
struct_0311.cif,-114.82988,-115.396286,-0.56640625,-7.212268,16,Ca4O9Si2Ti,struct_0311_relaxed.cif
struct_0312.cif,-88.52272,-88.942116,-0.41939545,-7.411843,12,CaO8Si2Ti,struct_0312_relaxed.cif
struct_0313.cif,-25.440123,-25.463406,-0.023283005,-6.3658514,4,CaOSiTi,struct_0313_relaxed.cif
struct_0314.cif,-24.056387,-24.905205,-0.8488178,-6.226301,4,CaO2Si,struct_0314_relaxed.cif
struct_0315.cif,-40.964222,-40.966873,-0.0026512146,-6.827812,6,CaOSi2Ti2,struct_0315_relaxed.cif
struct_0316.cif,-24.90098,-24.929276,-0.028295517,-6.232319,4,O3Si,struct_0316_relaxed.cif
struct_0317.cif,-45.266453,-45.284348,-0.017894745,-7.5473914,6,O2Si2Ti2,struct_0317_relaxed.cif
struct_0318.cif,-25.832191,-25.848503,-0.016311646,-6.462126,4,CaOSiTi,struct_0318_relaxed.cif
struct_0319.cif,-50.733395,-51.164993,-0.43159866,-6.395624,8,Ca2O2Si2Ti2,struct_0319_relaxed.cif
struct_0320.cif,-22.935356,-22.957159,-0.021802902,-5.7392898,4,CaOSi2,struct_0320_relaxed.cif
struct_0321.cif,-87.773735,-87.784004,-0.010269165,-7.980364,11,CaO7Si2Ti,struct_0321_relaxed.cif
struct_0322.cif,-66.814896,-66.82134,-0.0064468384,-7.4245934,9,CaO6SiTi,struct_0322_relaxed.cif
struct_0323.cif,-88.528564,-88.53764,-0.0090789795,-7.378137,12,CaO8Si2Ti,struct_0323_relaxed.cif
struct_0324.cif,-128.82231,-128.82579,-0.003479004,-8.051612,16,Ca2O10Si2Ti2,struct_0324_relaxed.cif
struct_0325.cif,-88.52905,-88.95213,-0.42308044,-7.412678,12,CaO8Si2Ti,struct_0325_relaxed.cif
struct_0326.cif,-90.82964,-90.87001,-0.040367126,-8.26091,11,CaO7SiTi2,struct_0326_relaxed.cif
struct_0327.cif,-75.63237,-75.674194,-0.04182434,-7.5674195,10,Ca2O6SiTi,struct_0327_relaxed.cif
struct_0328.cif,-69.06119,-69.18084,-0.119651794,-7.68676,9,CaO5SiTi2,struct_0328_relaxed.cif
struct_0329.cif,-77.06997,-77.077415,-0.007446289,-7.7077417,10,Ca2O6SiTi,struct_0329_relaxed.cif
struct_0330.cif,-85.80716,-86.062454,-0.2552948,-6.1473184,14,Ca4O3Si4Ti3,struct_0330_relaxed.cif
struct_0331.cif,-88.52913,-88.94248,-0.41335297,-7.4118733,12,CaO8Si2Ti,struct_0331_relaxed.cif
struct_0332.cif,-93.305916,-93.74553,-0.43961334,-7.8121276,12,CaO7Si2Ti2,struct_0332_relaxed.cif
struct_0333.cif,-25.421082,-25.458153,-0.037071228,-6.364538,4,CaOSiTi,struct_0333_relaxed.cif
struct_0334.cif,-128.825,-128.82855,-0.0035552979,-8.0517845,16,Ca2O10Si2Ti2,struct_0334_relaxed.cif
struct_0335.cif,-88.71079,-88.84761,-0.13681793,-7.4039674,12,CaO8Si2Ti,struct_0335_relaxed.cif
struct_0336.cif,-40.97739,-40.981834,-0.0044441223,-6.8303056,6,CaOSi2Ti2,struct_0336_relaxed.cif
struct_0337.cif,-77.08143,-77.083496,-0.002067566,-7.7083497,10,Ca2O6SiTi,struct_0337_relaxed.cif
struct_0338.cif,-145.80093,-147.32901,-1.5280762,-7.3664503,20,Ca3O13Si2Ti2,struct_0338_relaxed.cif
struct_0339.cif,-75.05594,-75.297295,-0.2413559,-7.5297294,10,CaO6Si2Ti,struct_0339_relaxed.cif
struct_0340.cif,-55.417618,-55.423035,-0.00541687,-6.158115,9,Ca3O2Si2Ti2,struct_0340_relaxed.cif
struct_0341.cif,-50.74122,-51.16266,-0.42144012,-6.3953323,8,Ca2O2Si2Ti2,struct_0341_relaxed.cif
struct_0342.cif,-23.256433,-23.289644,-0.033210754,-5.822411,4,CaOSi2,struct_0342_relaxed.cif
struct_0343.cif,-77.081245,-77.08386,-0.0026168823,-7.7083864,10,Ca2O6SiTi,struct_0343_relaxed.cif
struct_0344.cif,-33.646187,-33.658665,-0.012477875,-5.6097775,6,Ca2O2Si2,struct_0344_relaxed.cif
struct_0345.cif,-88.52637,-88.94172,-0.41535187,-7.41181,12,CaO8Si2Ti,struct_0345_relaxed.cif
struct_0346.cif,-25.709337,-25.7341,-0.024763107,-6.433525,4,CaOSiTi,struct_0346_relaxed.cif
struct_0347.cif,-118.132614,-118.22958,-0.096969604,-7.8819723,15,Ca2O9Si2Ti2,struct_0347_relaxed.cif
struct_0348.cif,-40.20717,-40.209507,-0.0023384094,-8.041902,5,CaO3Ti,struct_0348_relaxed.cif
struct_0349.cif,-54.247875,-54.568306,-0.32043076,-6.8210382,8,Ca2O4SiTi,struct_0349_relaxed.cif
struct_0350.cif,-149.61653,-149.73926,-0.12272644,-7.486963,20,Ca4O12Si3Ti,struct_0350_relaxed.cif
struct_0351.cif,-139.25249,-139.40784,-0.15534973,-7.7448797,18,CaO12Si3Ti2,struct_0351_relaxed.cif
struct_0352.cif,-77.08274,-77.08482,-0.0020828247,-7.7084823,10,Ca2O6SiTi,struct_0352_relaxed.cif
struct_0353.cif,-92.38448,-92.5085,-0.12401581,-7.7090416,12,CaO8SiTi2,struct_0353_relaxed.cif
struct_0354.cif,-50.732864,-51.159782,-0.42691803,-6.394973,8,Ca2O2Si2Ti2,struct_0354_relaxed.cif
struct_0355.cif,-138.557,-138.94444,-0.3874359,-7.7191358,18,Ca2O11Si3Ti2,struct_0355_relaxed.cif
struct_0356.cif,-35.925343,-35.958702,-0.033359528,-5.993117,6,Ca2OSiTi2,struct_0356_relaxed.cif
struct_0357.cif,-89.02228,-89.07945,-0.057174683,-7.423288,12,Ca3O7SiTi,struct_0357_relaxed.cif
struct_0358.cif,-51.860386,-51.922935,-0.06254959,-7.417562,7,CaO4SiTi,struct_0358_relaxed.cif
struct_0359.cif,-77.06028,-77.07758,-0.017303467,-7.7077584,10,Ca2O6SiTi,struct_0359_relaxed.cif
struct_0360.cif,-77.98346,-78.37131,-0.3878479,-7.1246643,11,O8Si2Ti,struct_0360_relaxed.cif
struct_0361.cif,-98.725975,-98.93535,-0.20937347,-7.0668106,14,Ca2O7Si4Ti,struct_0361_relaxed.cif
struct_0362.cif,-39.734856,-39.92278,-0.18792343,-6.6537967,6,CaO2Si2Ti,struct_0362_relaxed.cif
struct_0363.cif,-25.452595,-25.473904,-0.021308899,-6.368476,4,CaOSiTi,struct_0363_relaxed.cif
struct_0364.cif,-89.914085,-89.96947,-0.055381775,-7.4974556,12,CaO8Si2Ti,struct_0364_relaxed.cif
struct_0365.cif,-88.52656,-88.536255,-0.00969696,-7.3780212,12,CaO8Si2Ti,struct_0365_relaxed.cif
struct_0366.cif,-87.06101,-89.7815,-2.7204895,-7.481792,12,CaO8Si2Ti,struct_0366_relaxed.cif
struct_0367.cif,-66.81886,-66.822205,-0.0033416748,-7.4246893,9,CaO6SiTi,struct_0367_relaxed.cif
struct_0368.cif,-40.97153,-40.97576,-0.0042304993,-6.8292937,6,CaOSi2Ti2,struct_0368_relaxed.cif
struct_0369.cif,-156.76309,-156.8991,-0.13600159,-7.8449545,20,Ca3O12Si2Ti3,struct_0369_relaxed.cif
struct_0370.cif,-128.82562,-128.82939,-0.003768921,-8.051837,16,Ca2O10Si2Ti2,struct_0370_relaxed.cif
struct_0371.cif,-25.179546,-25.383337,-0.20379066,-6.3458343,4,CaO2Si,struct_0371_relaxed.cif
struct_0372.cif,-77.074554,-77.07611,-0.0015563965,-7.707611,10,Ca2O6SiTi,struct_0372_relaxed.cif
struct_0373.cif,-139.93321,-140.43587,-0.502655,-7.391361,19,Ca3O12Si3Ti,struct_0373_relaxed.cif
struct_0374.cif,-99.607994,-101.29943,-1.6914368,-6.7532954,15,Ca3O4Si4Ti4,struct_0374_relaxed.cif
struct_0375.cif,-49.483868,-50.332905,-0.8490372,-6.291613,8,CaO2Si3Ti2,struct_0375_relaxed.cif
struct_0376.cif,-93.58132,-93.66278,-0.081459045,-7.8052316,12,Ca2O7SiTi2,struct_0376_relaxed.cif
struct_0377.cif,-34.15148,-34.213963,-0.062480927,-6.8427925,5,CaO2SiTi,struct_0377_relaxed.cif
struct_0378.cif,-142.13994,-142.36658,-0.2266388,-7.118329,20,Ca5O10Si3Ti2,struct_0378_relaxed.cif
struct_0379.cif,-149.01541,-150.45905,-1.443634,-7.522952,20,Ca3O12Si4Ti,struct_0379_relaxed.cif
struct_0380.cif,-23.264158,-23.2924,-0.028242111,-5.8231,4,CaOSi2,struct_0380_relaxed.cif
struct_0381.cif,-77.07893,-77.08001,-0.0010757446,-7.708001,10,Ca2O6SiTi,struct_0381_relaxed.cif
struct_0382.cif,-76.974,-76.97425,-0.00025177002,-7.697425,10,Ca2O6SiTi,struct_0382_relaxed.cif
struct_0383.cif,-140.45891,-140.68765,-0.2287445,-7.815981,18,Ca2O11Si3Ti2,struct_0383_relaxed.cif
struct_0384.cif,-133.60442,-133.63528,-0.03086853,-7.4241824,18,Ca2O12Si2Ti2,struct_0384_relaxed.cif
struct_0385.cif,-86.64334,-86.69331,-0.049972534,-7.8812103,11,CaO7Si2Ti,struct_0385_relaxed.cif
struct_0386.cif,-48.37109,-48.58222,-0.21112823,-6.0727773,8,Ca2O2Si2Ti2,struct_0386_relaxed.cif
struct_0387.cif,-28.360468,-28.360485,-1.7166138e-05,-5.672097,5,Ca2OSiTi,struct_0387_relaxed.cif
struct_0388.cif,-69.29147,-69.34473,-0.053253174,-6.9344726,10,Ca2O2Si2Ti4,struct_0388_relaxed.cif
struct_0389.cif,-47.03923,-49.715862,-2.676632,-6.214483,8,Ca2O4Si2,struct_0389_relaxed.cif
struct_0390.cif,-153.7645,-153.9786,-0.21411133,-7.6989303,20,Ca3O12Si3Ti2,struct_0390_relaxed.cif
struct_0391.cif,-25.737103,-25.755674,-0.018571854,-6.4389186,4,CaOSiTi,struct_0391_relaxed.cif
struct_0392.cif,-93.1311,-93.28277,-0.15166473,-7.773564,12,CaO8SiTi2,struct_0392_relaxed.cif
struct_0393.cif,-77.073494,-77.07835,-0.004852295,-7.7078347,10,Ca2O6SiTi,struct_0393_relaxed.cif
struct_0394.cif,-65.37203,-67.9314,-2.5593643,-6.7931395,10,Ca2O4Si2Ti2,struct_0394_relaxed.cif
struct_0395.cif,-52.242435,-52.440826,-0.19839096,-6.5551033,8,Ca2O2SiTi3,struct_0395_relaxed.cif
struct_0396.cif,-62.63579,-62.645958,-0.010166168,-7.8307447,8,O2Si2Ti4,struct_0396_relaxed.cif
struct_0397.cif,-88.52973,-88.57779,-0.048057556,-7.3814826,12,CaO8Si2Ti,struct_0397_relaxed.cif
struct_0398.cif,-35.841164,-35.906883,-0.065719604,-5.9844804,6,Ca2O2Si2,struct_0398_relaxed.cif
struct_0399.cif,-50.72594,-51.148983,-0.4230423,-6.393623,8,Ca2O2Si2Ti2,struct_0399_relaxed.cif
struct_0400.cif,-25.44576,-25.470776,-0.025014877,-6.367694,4,CaOSiTi,struct_0400_relaxed.cif
struct_0401.cif,-55.41967,-55.423897,-0.0042266846,-6.1582108,9,Ca3O2Si2Ti2,struct_0401_relaxed.cif
struct_0402.cif,-25.450733,-25.469995,-0.019262314,-6.367499,4,CaOSiTi,struct_0402_relaxed.cif
struct_0403.cif,-25.541677,-25.958668,-0.41699028,-6.489667,4,CaO2Si,struct_0403_relaxed.cif
struct_0404.cif,-29.008465,-29.011246,-0.0027809143,-7.2528114,4,CaO2Ti,struct_0404_relaxed.cif
struct_0405.cif,-35.9256,-35.960663,-0.035064697,-5.993444,6,Ca2OSiTi2,struct_0405_relaxed.cif
struct_0406.cif,-77.08186,-77.08492,-0.0030593872,-7.7084923,10,Ca2O6SiTi,struct_0406_relaxed.cif
struct_0407.cif,-66.81288,-66.815056,-0.0021743774,-7.423895,9,CaO6SiTi,struct_0407_relaxed.cif
struct_0408.cif,-76.97536,-76.975494,-0.0001373291,-7.6975493,10,Ca2O6SiTi,struct_0408_relaxed.cif
struct_0409.cif,-86.26654,-86.343216,-0.076675415,-7.195268,12,CaO8Si3,struct_0409_relaxed.cif
struct_0410.cif,-66.81474,-66.816925,-0.0021820068,-7.424103,9,CaO6SiTi,struct_0410_relaxed.cif
struct_0411.cif,-69.317535,-69.39375,-0.07621765,-6.9393754,10,Ca2O2Si2Ti4,struct_0411_relaxed.cif
struct_0412.cif,-78.367645,-78.602715,-0.23506927,-6.550226,12,Ca2OSi4Ti5,struct_0412_relaxed.cif
struct_0413.cif,-153.36082,-153.98526,-0.6244354,-7.699263,20,Ca2O13Si3Ti2,struct_0413_relaxed.cif
struct_0414.cif,-103.65674,-103.90964,-0.25289917,-6.927309,15,Ca3O5Si3Ti4,struct_0414_relaxed.cif
struct_0415.cif,-66.79691,-66.80494,-0.008026123,-7.422771,9,CaO6SiTi,struct_0415_relaxed.cif
struct_0416.cif,-23.259064,-23.291256,-0.03219223,-5.822814,4,CaOSi2,struct_0416_relaxed.cif
struct_0417.cif,-87.77884,-87.78701,-0.008171082,-7.980637,11,CaO7Si2Ti,struct_0417_relaxed.cif
struct_0418.cif,-88.52842,-88.92936,-0.40093994,-7.41078,12,CaO8Si2Ti,struct_0418_relaxed.cif
struct_0419.cif,-31.115547,-31.128164,-0.012617111,-7.782041,4,O2SiTi,struct_0419_relaxed.cif
struct_0420.cif,-74.72798,-74.75007,-0.022087097,-7.475007,10,CaO6Si2Ti,struct_0420_relaxed.cif
struct_0421.cif,-128.82521,-128.82964,-0.004425049,-8.051852,16,Ca2O10Si2Ti2,struct_0421_relaxed.cif
struct_0422.cif,-114.39414,-114.41856,-0.024414062,-8.172754,14,CaO9Si2Ti2,struct_0422_relaxed.cif
struct_0423.cif,-33.591347,-33.591442,-9.536743e-05,-6.7182884,5,CaOSiTi2,struct_0423_relaxed.cif
struct_0424.cif,-50.70378,-51.14743,-0.4436493,-6.393429,8,Ca2O2Si2Ti2,struct_0424_relaxed.cif
struct_0425.cif,-77.08325,-77.08397,-0.0007171631,-7.708397,10,Ca2O6SiTi,struct_0425_relaxed.cif
struct_0426.cif,-112.693596,-112.7736,-0.08000183,-8.055257,14,CaO9Si2Ti2,struct_0426_relaxed.cif
struct_0427.cif,-113.11854,-113.12346,-0.0049209595,-7.541564,15,Ca3O9Si2Ti,struct_0427_relaxed.cif
struct_0428.cif,-25.682257,-25.682398,-0.0001411438,-6.4205995,4,CaOSiTi,struct_0428_relaxed.cif
struct_0429.cif,-92.89216,-92.92962,-0.037460327,-7.744135,12,CaO8SiTi2,struct_0429_relaxed.cif
struct_0430.cif,-89.99735,-90.69061,-0.6932602,-7.557551,12,CaO8Si2Ti,struct_0430_relaxed.cif
struct_0431.cif,-50.74883,-51.168278,-0.41944885,-6.3960347,8,Ca2O2Si2Ti2,struct_0431_relaxed.cif
struct_0432.cif,-28.33699,-28.337183,-0.00019264221,-5.6674366,5,Ca2OSiTi,struct_0432_relaxed.cif
struct_0433.cif,-88.52852,-88.94928,-0.4207611,-7.41244,12,CaO8Si2Ti,struct_0433_relaxed.cif
struct_0434.cif,-88.53053,-88.95268,-0.42214966,-7.4127235,12,CaO8Si2Ti,struct_0434_relaxed.cif
struct_0435.cif,-75.90689,-75.91133,-0.0044403076,-8.434592,9,O6SiTi2,struct_0435_relaxed.cif
struct_0436.cif,-50.750534,-51.163204,-0.41267014,-6.3954005,8,Ca2O2Si2Ti2,struct_0436_relaxed.cif
struct_0437.cif,-156.04836,-156.74765,-0.69929504,-7.8373823,20,Ca2O12Si3Ti3,struct_0437_relaxed.cif
struct_0438.cif,-49.528126,-49.535675,-0.007549286,-7.076525,7,Ca2O4Si,struct_0438_relaxed.cif
struct_0439.cif,-27.217655,-27.320023,-0.1023674,-6.8300056,4,OSi2Ti,struct_0439_relaxed.cif
struct_0440.cif,-28.361423,-28.361439,-1.5258789e-05,-5.672288,5,Ca2OSiTi,struct_0440_relaxed.cif
struct_0441.cif,-113.25837,-113.33232,-0.07395172,-7.555488,15,Ca2O9Si3Ti,struct_0441_relaxed.cif
struct_0442.cif,-40.977413,-40.981018,-0.003604889,-6.8301697,6,CaOSi2Ti2,struct_0442_relaxed.cif
struct_0443.cif,-75.99041,-76.2784,-0.28798676,-6.356533,12,Ca4O4Si2Ti2,struct_0443_relaxed.cif
struct_0444.cif,-77.08006,-77.0808,-0.00074005127,-7.7080803,10,Ca2O6SiTi,struct_0444_relaxed.cif
struct_0445.cif,-25.541477,-25.56346,-0.021982193,-6.390865,4,CaO2Si,struct_0445_relaxed.cif
struct_0446.cif,-50.666927,-51.145096,-0.4781685,-6.393137,8,Ca2O2Si2Ti2,struct_0446_relaxed.cif
struct_0447.cif,-50.74901,-51.160305,-0.41129684,-6.395038,8,Ca2O2Si2Ti2,struct_0447_relaxed.cif
struct_0448.cif,-22.626253,-22.64135,-0.015096664,-7.5471168,3,OSiTi,struct_0448_relaxed.cif
struct_0449.cif,-50.47021,-50.475193,-0.0049819946,-8.412532,6,O4SiTi,struct_0449_relaxed.cif
struct_0450.cif,-63.564655,-63.57343,-0.008773804,-7.0637145,9,CaO6Si2,struct_0450_relaxed.cif
struct_0451.cif,-89.897064,-89.95975,-0.062683105,-7.4966455,12,CaO8Si2Ti,struct_0451_relaxed.cif
struct_0452.cif,-48.90635,-48.913437,-0.0070877075,-6.1141796,8,Ca2OSi3Ti2,struct_0452_relaxed.cif
struct_0453.cif,-30.946524,-30.991016,-0.04449272,-7.747754,4,O2SiTi,struct_0453_relaxed.cif
struct_0454.cif,-89.13595,-89.770615,-0.63466644,-7.4808846,12,CaO7Si3Ti,struct_0454_relaxed.cif
struct_0455.cif,-33.598667,-33.59872,-5.340576e-05,-6.719744,5,CaOSiTi2,struct_0455_relaxed.cif
struct_0456.cif,-101.33221,-101.816246,-0.4840393,-7.272589,14,Ca3O8Si2Ti,struct_0456_relaxed.cif
struct_0457.cif,-87.78126,-87.790016,-0.008758545,-7.980911,11,CaO7Si2Ti,struct_0457_relaxed.cif
struct_0458.cif,-50.714325,-51.145737,-0.43141174,-6.393217,8,Ca2O2Si2Ti2,struct_0458_relaxed.cif
struct_0459.cif,-158.35759,-158.48277,-0.1251831,-7.9241385,20,Ca2O13Si2Ti3,struct_0459_relaxed.cif
struct_0460.cif,-36.76834,-36.813866,-0.045524597,-5.259124,7,Ca3OSi2Ti,struct_0460_relaxed.cif
struct_0461.cif,-90.36643,-90.39532,-0.028884888,-7.5329432,12,CaO8Si2Ti,struct_0461_relaxed.cif
struct_0462.cif,-15.334567,-15.334567,0.0,-5.111522,3,CaSiTi,struct_0462_relaxed.cif
struct_0463.cif,-109.87656,-110.09866,-0.22210693,-7.86419,14,Ca2O8SiTi3,struct_0463_relaxed.cif
struct_0464.cif,-128.82497,-128.82915,-0.004180908,-8.051822,16,Ca2O10Si2Ti2,struct_0464_relaxed.cif
struct_0465.cif,-45.34719,-45.363483,-0.016292572,-5.6704354,8,Ca3OSi2Ti2,struct_0465_relaxed.cif
struct_0466.cif,-40.97281,-40.975986,-0.0031776428,-6.829331,6,CaOSi2Ti2,struct_0466_relaxed.cif
struct_0467.cif,-88.52639,-88.92666,-0.40026855,-7.410555,12,CaO8Si2Ti,struct_0467_relaxed.cif
struct_0468.cif,-131.66972,-131.95697,-0.2872467,-7.7621746,17,Ca2O11Si2Ti2,struct_0468_relaxed.cif
struct_0469.cif,-50.74738,-51.172245,-0.42486572,-6.3965306,8,Ca2O2Si2Ti2,struct_0469_relaxed.cif
struct_0470.cif,-48.337605,-48.68924,-0.35163498,-6.086155,8,Ca2O2Si2Ti2,struct_0470_relaxed.cif
struct_0471.cif,-106.0522,-106.26449,-0.2122879,-7.5903206,14,Ca2O8Si2Ti2,struct_0471_relaxed.cif
struct_0472.cif,-16.888746,-16.889809,-0.0010623932,-5.629936,3,CaOSi,struct_0472_relaxed.cif
struct_0473.cif,-103.26451,-103.35619,-0.091682434,-7.382585,14,Ca3O8Si2Ti,struct_0473_relaxed.cif
struct_0474.cif,-89.94453,-90.109085,-0.16455841,-7.5090904,12,Ca2O7Si2Ti,struct_0474_relaxed.cif
struct_0475.cif,-25.442432,-25.4618,-0.019367218,-6.36545,4,CaOSiTi,struct_0475_relaxed.cif
struct_0476.cif,-25.686855,-25.686937,-8.201599e-05,-6.4217343,4,CaOSiTi,struct_0476_relaxed.cif
struct_0477.cif,-40.97969,-40.983376,-0.0036849976,-6.8305626,6,CaOSi2Ti2,struct_0477_relaxed.cif
struct_0478.cif,-126.93656,-127.00319,-0.0666275,-7.9376993,16,CaO10Si3Ti2,struct_0478_relaxed.cif
struct_0479.cif,-25.686373,-25.686666,-0.0002937317,-6.4216666,4,CaOSiTi,struct_0479_relaxed.cif
struct_0480.cif,-89.819954,-89.89847,-0.0785141,-7.491539,12,Ca2O7Si2Ti,struct_0480_relaxed.cif
struct_0481.cif,-92.94539,-93.32617,-0.38078308,-7.777181,12,CaO7Si2Ti2,struct_0481_relaxed.cif
struct_0482.cif,-25.447107,-25.474037,-0.026929855,-6.3685093,4,CaOSiTi,struct_0482_relaxed.cif
struct_0483.cif,-25.444477,-25.468811,-0.024333954,-6.3672028,4,CaOSiTi,struct_0483_relaxed.cif
struct_0484.cif,-80.355545,-80.440414,-0.084869385,-8.044042,10,CaO6SiTi2,struct_0484_relaxed.cif
struct_0485.cif,-23.260414,-23.29279,-0.032375336,-5.8231974,4,CaOSi2,struct_0485_relaxed.cif
struct_0486.cif,-147.61734,-148.16576,-0.54841614,-7.408288,20,Ca3O12Si4Ti,struct_0486_relaxed.cif
struct_0487.cif,-21.31186,-21.311935,-7.6293945e-05,-4.2623873,5,Ca2Si2Ti,struct_0487_relaxed.cif
struct_0488.cif,-136.2609,-136.44391,-0.18301392,-7.5802174,18,Ca4O10SiTi3,struct_0488_relaxed.cif
struct_0489.cif,-77.074,-77.07564,-0.0016403198,-7.707564,10,Ca2O6SiTi,struct_0489_relaxed.cif
struct_0490.cif,-23.264837,-23.295809,-0.030971527,-5.823952,4,CaOSi2,struct_0490_relaxed.cif
struct_0491.cif,-25.54666,-25.921978,-0.37531853,-6.4804945,4,CaO2Si,struct_0491_relaxed.cif
struct_0492.cif,-126.56509,-126.6539,-0.08881378,-7.9158688,16,Ca2O10Si2Ti2,struct_0492_relaxed.cif
struct_0493.cif,-56.946087,-57.02881,-0.08272171,-5.702881,10,Ca4O2Si2Ti2,struct_0493_relaxed.cif
struct_0494.cif,-74.95774,-75.29551,-0.33776855,-7.529551,10,CaO6Si2Ti,struct_0494_relaxed.cif
struct_0495.cif,-25.524921,-25.964552,-0.4396305,-6.491138,4,CaO2Si,struct_0495_relaxed.cif
struct_0496.cif,-140.33612,-140.70213,-0.36601257,-7.8167853,18,Ca2O11Si3Ti2,struct_0496_relaxed.cif
struct_0497.cif,-76.97493,-76.97527,-0.00034332275,-7.6975274,10,Ca2O6SiTi,struct_0497_relaxed.cif
struct_0498.cif,-54.294716,-54.66729,-0.37257385,-6.833411,8,Ca2O4SiTi,struct_0498_relaxed.cif
struct_0499.cif,-128.82631,-128.8308,-0.004486084,-8.051925,16,Ca2O10Si2Ti2,struct_0499_relaxed.cif
struct_0500.cif,-25.414417,-25.463106,-0.04868889,-6.3657765,4,CaOSiTi,struct_0500_relaxed.cif
struct_0501.cif,-77.08219,-77.08278,-0.0005874634,-7.7082777,10,Ca2O6SiTi,struct_0501_relaxed.cif
struct_0502.cif,-40.974674,-40.978165,-0.003490448,-6.8296943,6,CaOSi2Ti2,struct_0502_relaxed.cif
struct_0503.cif,-72.89741,-73.206406,-0.3089981,-7.3206406,10,CaO6Si3,struct_0503_relaxed.cif
struct_0504.cif,-90.38213,-90.402214,-0.020080566,-7.533518,12,CaO8Si2Ti,struct_0504_relaxed.cif
struct_0505.cif,-28.972801,-29.132545,-0.15974426,-7.2831364,4,CaO2Ti,struct_0505_relaxed.cif
struct_0506.cif,-64.66887,-64.89046,-0.22158813,-6.4890456,10,Ca3O3Si2Ti2,struct_0506_relaxed.cif
struct_0507.cif,-30.341404,-30.489033,-0.14762878,-7.622258,4,O2SiTi,struct_0507_relaxed.cif
struct_0508.cif,-65.20846,-65.59228,-0.38381958,-7.2880306,9,Ca2O5SiTi,struct_0508_relaxed.cif
struct_0509.cif,-89.99151,-90.69919,-0.70767975,-7.5582657,12,CaO8Si2Ti,struct_0509_relaxed.cif
struct_0510.cif,-77.07493,-77.07779,-0.002861023,-7.707779,10,Ca2O6SiTi,struct_0510_relaxed.cif
struct_0511.cif,-150.73528,-150.80533,-0.0700531,-7.5402665,20,Ca4O12Si3Ti,struct_0511_relaxed.cif
struct_0512.cif,-91.19763,-91.37527,-0.1776352,-7.6146054,12,CaO8SiTi2,struct_0512_relaxed.cif
struct_0513.cif,-86.867065,-93.79802,-6.930954,-6.6998587,14,Ca3O5Si3Ti3,struct_0513_relaxed.cif
struct_0514.cif,-33.003914,-33.031387,-0.02747345,-5.5052314,6,Ca2O2Si2,struct_0514_relaxed.cif
struct_0515.cif,-49.91118,-49.91317,-0.001991272,-6.239146,8,Ca2OSi2Ti3,struct_0515_relaxed.cif
struct_0516.cif,-52.679825,-52.91742,-0.2375946,-6.6146774,8,CaO3Si3Ti,struct_0516_relaxed.cif
struct_0517.cif,-38.69976,-38.7511,-0.051338196,-6.4585166,6,Ca2O2SiTi,struct_0517_relaxed.cif
struct_0518.cif,-76.589386,-76.63166,-0.042274475,-7.663166,10,Ca2O6SiTi,struct_0518_relaxed.cif
struct_0519.cif,-76.2779,-76.413704,-0.13580322,-7.6413703,10,CaO6Si2Ti,struct_0519_relaxed.cif
struct_0520.cif,-63.56426,-63.5739,-0.00963974,-7.0637665,9,CaO6Si2,struct_0520_relaxed.cif
struct_0521.cif,-56.67618,-56.813618,-0.13743591,-7.101702,8,CaO3Si2Ti2,struct_0521_relaxed.cif
struct_0522.cif,-66.82005,-66.82509,-0.0050354004,-7.4250097,9,CaO6SiTi,struct_0522_relaxed.cif
struct_0523.cif,-66.81367,-66.817764,-0.004096985,-7.4241962,9,CaO6SiTi,struct_0523_relaxed.cif
struct_0524.cif,-24.360916,-24.931017,-0.5701008,-6.232754,4,CaO2Si,struct_0524_relaxed.cif
struct_0525.cif,-25.28696,-25.538063,-0.25110245,-6.384516,4,CaO2Si,struct_0525_relaxed.cif
struct_0526.cif,-26.26976,-26.282333,-0.012573242,-6.5705833,4,CaOSiTi,struct_0526_relaxed.cif
struct_0527.cif,-41.90248,-42.73693,-0.83444977,-7.122822,6,CaO3SiTi,struct_0527_relaxed.cif
struct_0528.cif,-103.31012,-103.521355,-0.21123505,-7.3943825,14,Ca3O8Si2Ti,struct_0528_relaxed.cif
struct_0529.cif,-88.522415,-88.94461,-0.42219543,-7.4120507,12,CaO8Si2Ti,struct_0529_relaxed.cif
struct_0530.cif,-44.886314,-44.911648,-0.025333405,-5.613956,8,Ca3O2Si2Ti,struct_0530_relaxed.cif
struct_0531.cif,-89.357765,-89.55429,-0.19652557,-7.4628577,12,Ca2O7Si2Ti,struct_0531_relaxed.cif
struct_0532.cif,-26.275875,-26.291214,-0.015338898,-6.5728035,4,CaOSiTi,struct_0532_relaxed.cif
struct_0533.cif,-25.322407,-25.340786,-0.018379211,-6.3351965,4,CaOSiTi,struct_0533_relaxed.cif
struct_0534.cif,-128.82144,-128.82607,-0.004623413,-8.051629,16,Ca2O10Si2Ti2,struct_0534_relaxed.cif
struct_0535.cif,-75.89037,-76.14299,-0.25261688,-7.614299,10,CaO6Si2Ti,struct_0535_relaxed.cif
struct_0536.cif,-152.81917,-153.21883,-0.3996582,-7.660941,20,Ca3O12Si3Ti2,struct_0536_relaxed.cif
struct_0537.cif,-92.215935,-92.46509,-0.24915314,-7.705424,12,CaO7Si2Ti2,struct_0537_relaxed.cif
struct_0538.cif,-100.894585,-100.908424,-0.013839722,-8.409036,12,O8Si2Ti2,struct_0538_relaxed.cif
struct_0539.cif,-159.64507,-159.78656,-0.14149475,-7.989328,20,Ca3O12SiTi4,struct_0539_relaxed.cif
struct_0540.cif,-77.081116,-77.08248,-0.0013656616,-7.708248,10,Ca2O6SiTi,struct_0540_relaxed.cif
struct_0541.cif,-140.49283,-140.59537,-0.10253906,-7.810854,18,Ca3O11Si2Ti2,struct_0541_relaxed.cif
struct_0542.cif,-140.7897,-141.00174,-0.21203613,-7.83343,18,Ca2O11Si3Ti2,struct_0542_relaxed.cif
struct_0543.cif,-77.081894,-77.08411,-0.0022125244,-7.7084107,10,Ca2O6SiTi,struct_0543_relaxed.cif
struct_0544.cif,-25.263586,-25.528744,-0.2651577,-6.382186,4,CaO2Si,struct_0544_relaxed.cif
struct_0545.cif,-128.82527,-128.82968,-0.00440979,-8.051855,16,Ca2O10Si2Ti2,struct_0545_relaxed.cif
struct_0546.cif,-28.357708,-28.35786,-0.00015258789,-5.671572,5,Ca2OSiTi,struct_0546_relaxed.cif
struct_0547.cif,-68.56459,-68.862305,-0.29771423,-6.8862305,10,Ca2O5Si2Ti,struct_0547_relaxed.cif
struct_0548.cif,-61.430523,-61.45392,-0.023395538,-7.68174,8,O2Si2Ti4,struct_0548_relaxed.cif
struct_0549.cif,-90.34035,-90.39363,-0.05328369,-7.5328026,12,CaO8Si2Ti,struct_0549_relaxed.cif
struct_0550.cif,-123.57059,-123.78848,-0.21789551,-7.73678,16,Ca2O10Si3Ti,struct_0550_relaxed.cif
struct_0551.cif,-33.579426,-33.579575,-0.0001487732,-6.7159147,5,CaOSiTi2,struct_0551_relaxed.cif
struct_0552.cif,-93.51767,-93.61967,-0.101997375,-7.801639,12,CaO8SiTi2,struct_0552_relaxed.cif
struct_0553.cif,-75.99069,-76.145424,-0.15473175,-7.6145425,10,CaO6Si2Ti,struct_0553_relaxed.cif
struct_0554.cif,-52.290344,-52.397766,-0.107421875,-6.549721,8,Ca2O2SiTi3,struct_0554_relaxed.cif
struct_0555.cif,-24.10764,-24.130997,-0.023357391,-6.032749,4,CaOSiTi,struct_0555_relaxed.cif
struct_0556.cif,-66.798195,-66.806305,-0.008110046,-7.4229226,9,CaO6SiTi,struct_0556_relaxed.cif
struct_0557.cif,-63.46215,-67.09107,-3.6289215,-7.4545636,9,CaO6SiTi,struct_0557_relaxed.cif
struct_0558.cif,-79.82893,-79.90221,-0.073272705,-7.9902205,10,CaO6SiTi2,struct_0558_relaxed.cif
struct_0559.cif,-33.598312,-33.598392,-8.010864e-05,-6.7196784,5,CaOSiTi2,struct_0559_relaxed.cif
struct_0560.cif,-88.52597,-88.94657,-0.4206009,-7.4122143,12,CaO8Si2Ti,struct_0560_relaxed.cif
struct_0561.cif,-66.81422,-66.822945,-0.008728027,-7.424772,9,CaO6SiTi,struct_0561_relaxed.cif
struct_0562.cif,-15.530068,-15.5388775,-0.00880909,-5.179626,3,CaSiTi,struct_0562_relaxed.cif
struct_0563.cif,-89.72661,-89.854866,-0.12825775,-7.4879055,12,Ca2O7Si2Ti,struct_0563_relaxed.cif
struct_0564.cif,-76.66541,-76.66698,-0.0015640259,-7.6666975,10,Ca2O6SiTi,struct_0564_relaxed.cif
struct_0565.cif,-25.31374,-25.50704,-0.19330025,-6.37676,4,CaO2Si,struct_0565_relaxed.cif
struct_0566.cif,-128.82733,-128.83006,-0.0027313232,-8.051879,16,Ca2O10Si2Ti2,struct_0566_relaxed.cif
struct_0567.cif,-77.079765,-77.0832,-0.0034332275,-7.7083197,10,Ca2O6SiTi,struct_0567_relaxed.cif
struct_0568.cif,-13.958107,-16.418282,-2.4601746,-5.4727607,3,CaOSi,struct_0568_relaxed.cif
struct_0569.cif,-128.81992,-128.82649,-0.006576538,-8.051656,16,Ca2O10Si2Ti2,struct_0569_relaxed.cif
struct_0570.cif,-90.190475,-90.513664,-0.32318878,-7.542805,12,Ca2O7Si2Ti,struct_0570_relaxed.cif
struct_0571.cif,-43.569138,-43.699814,-0.13067627,-7.2833023,6,CaO3SiTi,struct_0571_relaxed.cif
struct_0572.cif,-93.36946,-93.44525,-0.075790405,-7.787104,12,CaO8SiTi2,struct_0572_relaxed.cif
struct_0573.cif,-103.35212,-103.99486,-0.64273834,-7.428204,14,Ca2O8Si2Ti2,struct_0573_relaxed.cif
struct_0574.cif,-66.80749,-66.813095,-0.005607605,-7.4236774,9,CaO6SiTi,struct_0574_relaxed.cif
struct_0575.cif,-87.77474,-87.785385,-0.010643005,-7.9804897,11,CaO7Si2Ti,struct_0575_relaxed.cif
struct_0576.cif,-130.6345,-130.80075,-0.1662445,-7.694162,17,Ca3O10Si2Ti2,struct_0576_relaxed.cif
struct_0577.cif,-82.35454,-82.42254,-0.06800079,-6.868545,12,Ca2O2Si3Ti5,struct_0577_relaxed.cif
struct_0578.cif,-89.820175,-89.971825,-0.15164948,-7.497652,12,CaO8Si2Ti,struct_0578_relaxed.cif
struct_0579.cif,-51.664684,-51.701756,-0.037071228,-6.4627194,8,Ca2O2Si2Ti2,struct_0579_relaxed.cif
struct_0580.cif,-50.710857,-51.160637,-0.4497795,-6.3950796,8,Ca2O2Si2Ti2,struct_0580_relaxed.cif
struct_0581.cif,-38.77166,-38.784576,-0.012916565,-6.464096,6,Ca2O2SiTi,struct_0581_relaxed.cif
struct_0582.cif,-154.63802,-154.72743,-0.089416504,-7.7363715,20,Ca4O12Si2Ti2,struct_0582_relaxed.cif
struct_0583.cif,-77.06955,-77.07159,-0.0020370483,-7.7071586,10,Ca2O6SiTi,struct_0583_relaxed.cif
struct_0584.cif,-57.2546,-57.44886,-0.19425964,-5.744886,10,Ca4O2Si2Ti2,struct_0584_relaxed.cif
struct_0585.cif,-7.8036404,-7.8036404,0.0,-3.9018202,2,CaSi,struct_0585_relaxed.cif
struct_0586.cif,-76.57587,-76.769615,-0.19374847,-7.6769614,10,CaO6Si2Ti,struct_0586_relaxed.cif
struct_0587.cif,-26.114431,-26.201523,-0.087091446,-6.5503807,4,CaO2Si,struct_0587_relaxed.cif
struct_0588.cif,-89.71912,-90.071205,-0.35208893,-7.505934,12,CaO8Si2Ti,struct_0588_relaxed.cif
struct_0589.cif,-89.91452,-89.975815,-0.061294556,-7.4979844,12,CaO8Si2Ti,struct_0589_relaxed.cif
struct_0590.cif,-23.377415,-23.39054,-0.013124466,-5.847635,4,CaOSi2,struct_0590_relaxed.cif
struct_0591.cif,-33.639538,-33.646603,-0.0070648193,-5.607767,6,Ca2OSi2Ti,struct_0591_relaxed.cif
struct_0592.cif,-60.086052,-60.17261,-0.086559296,-5.0143843,12,Ca5OSi3Ti3,struct_0592_relaxed.cif
struct_0593.cif,-76.974754,-76.97488,-0.00012207031,-7.697488,10,Ca2O6SiTi,struct_0593_relaxed.cif
struct_0594.cif,-65.19718,-65.23796,-0.040779114,-7.2486625,9,CaO6SiTi,struct_0594_relaxed.cif
struct_0595.cif,-50.6357,-50.645973,-0.01027298,-6.3307467,8,Ca2O2Si2Ti2,struct_0595_relaxed.cif
struct_0596.cif,-80.00384,-80.95605,-0.9522095,-7.3596406,11,Ca2O7SiTi,struct_0596_relaxed.cif
struct_0597.cif,-92.65185,-93.22729,-0.57543945,-7.7689404,12,CaO7Si2Ti2,struct_0597_relaxed.cif
struct_0598.cif,-69.22265,-69.52626,-0.30361176,-7.72514,9,CaO5SiTi2,struct_0598_relaxed.cif
struct_0599.cif,-36.111183,-36.32588,-0.21469498,-6.054313,6,Ca2O2SiTi,struct_0599_relaxed.cif
struct_0600.cif,-127.801674,-128.01904,-0.21736908,-7.1121693,18,Ca5O10Si2Ti,struct_0600_relaxed.cif
